0,-0.00145795,-0.000356
1,-0.000356126,-0.00035613
2,5.81674e-05,-0.00035651
3,-0.000357158,-0.00035715
4,-0.000902511,-0.00035804
5,-0.000859746,-0.00035919
6,-0.000360581,-0.00036059
7,-0.00011533,-0.00036225
8,-0.000364169,-0.00036416
9,-0.000582131,-0.00036633
10,-0.000368741,-0.00036875
11,-0.000117686,-0.00037143
12,-0.000374368,-0.00037436
13,-0.000884277,-0.00037755
14,-0.000907596,-0.00038099
15,-0.000384683,-0.00038469
16,-8.45394e-05,-0.00038864
17,-0.000392857,-0.00039285
18,-0.000653679,-0.00039731
19,-0.000402024,-0.00040203
20,-0.00110758,-0.000407
21,-0.0061294,-0.0051141
22,-0.018724,-0.018724
23,-0.0401638,-0.040485
24,-0.069645,-0.069645
25,-0.10564,-0.10545
26,-0.14715,-0.14715
27,-0.193824,-0.194
28,-0.24524,-0.24524
29,-0.300415,-0.30012
30,-0.358172,-0.35788
31,-0.41778,-0.41778
32,-0.478914,-0.47907
33,-0.54099,-0.54099
34,-0.602923,-0.60279
35,-0.66372,-0.66372
36,-0.722904,-0.72302
37,-0.779967,-0.77995
38,-0.83376,-0.83376
39,-0.883229,-0.88369
40,-0.92898,-0.92898
41,-0.973526,-0.97306
42,-1.0195,-1.0195
43,-1.0678,-1.0679
44,-1.1177,-1.1177
45,-1.16834,-1.1684
46,-1.21945,-1.2196
47,-1.2708,-1.2708
48,-1.3217,-1.3216
49,-1.3714,-1.3714
50,-1.41961,-1.4197
51,-1.4662,-1.4662
52,-1.5106,-1.5103
53,-1.55189,-1.5515
54,-1.5895,-1.5895
55,-1.62338,-1.6236
56,-1.6534,-1.6534
57,-1.67876,-1.6785
58,-1.6984,-1.6984
59,-1.71199,-1.7125
60,-1.7205,-1.7205
61,-1.72583,-1.7251
62,-1.72987,-1.7295
63,-1.7337,-1.7337
64,-1.73757,-1.7376
65,-1.7413,-1.7413
66,-1.74477,-1.7448
67,-1.748,-1.748
68,-1.75105,-1.7511
69,-1.7539,-1.7539
70,-1.7565,-1.7565
71,-1.75885,-1.7589
72,-1.761,-1.761
73,-1.76295,-1.763
74,-1.7647,-1.7647
75,-1.76624,-1.7663
76,-1.7676,-1.7676
77,-1.76876,-1.7687
78,-1.7697,-1.7696
79,-1.7704,-1.7704
80,-1.7709,-1.7709
81,-1.7713,-1.7713
82,-1.77169,-1.7717
83,-1.7721,-1.7721
84,-1.77249,-1.7725
85,-1.77282,-1.7728
86,-1.7731,-1.7731
87,-1.77338,-1.7735
88,-1.7737,-1.7737
89,-1.77402,-1.774
90,-1.7743,-1.7743
91,-1.77452,-1.7745
92,-1.7747,-1.7747
93,-1.77488,-1.7749
94,-1.77505,-1.7751
95,-1.7752,-1.7752
96,-1.77532,-1.7753
97,-1.7754,-1.7754
98,-1.77546,-1.7755
99,-1.7755,-1.7755
100,-1.77554,-1.7756
101,-1.77557,-1.7756
102,-1.7756,-1.7756
103,-1.77561,-1.7756
104,-1.7756,-1.7756
105,-1.77559,-1.7756
106,-1.7756,-1.7756
107,-1.77564,-1.7756
108,-1.7757,-1.7757
109,-1.77574,-1.7757
110,-1.77573,-1.7757
111,-1.7757,-1.7757
112,-1.77569,-1.7757
113,-1.7757,-1.7757
114,-1.77571,-1.7757
115,-1.7757,-1.7757
116,-1.77568,-1.7757
117,-1.77568,-1.7757
118,-1.7757,-1.7757
119,-1.77571,-1.7757
120,-1.7757,-1.7757
121,-1.77569,-1.7757
122,-1.7757,-1.7757
123,-1.77571,-1.7757
124,-1.7757,-1.7757
125,-1.77567,-1.7757
126,-1.77567,-1.7757
127,-1.7757,-1.7757
128,-1.77572,-1.7757
129,-1.7757,-1.7757
130,-1.77564,-1.7756
131,-1.7756,-1.7756
132,-1.77559,-1.7756
133,-1.7756,-1.7756
134,-1.7756,-1.7756
135,-1.7756,-1.7756
136,-1.7756,-1.7756
137,-1.7756,-1.7756
138,-1.7756,-1.7756
139,-1.7756,-1.7756
140,-1.7756,-1.7756
141,-1.77559,-1.7756
142,-1.77555,-1.7755
143,-1.7755,-1.7755
144,-1.77548,-1.7755
145,-1.7755,-1.7755
146,-1.77552,-1.7755
147,-1.7755,-1.7755
148,-1.77548,-1.7755
149,-1.7755,-1.7755
150,-1.77554,-1.7755
151,-1.77554,-1.7755
152,-1.7755,-1.7755
153,-1.77547,-1.7755
154,-1.7755,-1.7755
155,-1.77553,-1.7755
156,-1.7755,-1.7755
157,-1.77544,-1.7755
158,-1.77544,-1.7755
159,-1.7755,-1.7755
160,-1.77554,-1.7755
161,-1.7755,-1.7755
162,-1.77547,-1.7755
163,-1.7755,-1.7755
164,-1.77554,-1.7755
165,-1.7755,-1.7755
166,-1.77541,-1.7755
167,-1.7754,-1.7755
168,-1.7755,-1.7755
169,-1.77556,-1.7755
170,-1.7755,-1.7755
171,-1.77543,-1.7755
172,-1.7755,-1.7755
173,-1.77564,-1.7755
174,-1.77564,-1.7755
175,-1.7755,-1.7755
176,-1.77542,-1.7755
177,-1.7755,-1.7755
178,-1.77558,-1.7755
179,-1.7755,-1.7755
180,-1.7754,-1.7755
181,-1.7755,-1.7755
182,-1.77572,-1.7755
183,-1.77574,-1.7755
184,-1.7755,-1.7755
185,-1.77535,-1.7755
186,-1.7755,-1.7755
187,-1.77566,-1.7755
188,-1.7755,-1.7755
189,-1.77519,-1.7755
190,-1.77518,-1.7755
191,-1.7755,-1.7755
192,-1.77567,-1.7755
193,-1.7755,-1.7755
194,-1.77538,-1.7755
195,-1.7755,-1.7755
196,-1.77552,-1.7755
197,-1.7755,-1.7755
198,-1.77639,-1.7755
199,-1.77792,-1.7755
200,-1.7755,-1.7755
201,-1.76044,-1.7623
202,-1.7246,-1.7246
203,-1.6651,-1.6644
204,-1.5843,-1.5843
205,-1.48604,-1.4864
206,-1.37293,-1.3731
207,-1.2467,-1.2467
208,-1.10953,-1.1096
209,-0.96402,-0.96402
210,-0.81242,-0.8123
211,-0.65677,-0.65677
212,-0.499543,-0.49974
213,-0.34354,-0.34354
214,-0.191026,-0.19046
215,-0.0435526,-0.042849
216,0.096995,0.096995
217,0.227445,0.22675
218,0.3441,0.3441
219,0.44508,0.44673
220,0.53231,0.53231
221,0.611103,0.60906
222,0.687251,0.68642
223,0.76394,0.76394
224,0.841167,0.84118
225,0.91769,0.91769
226,0.992899,0.99301
227,1.0667,1.0667
228,1.13852,1.1383
229,1.2074,1.2074
230,1.27301,1.2735
231,1.33563,1.3362
232,1.395,1.395
233,1.44986,1.4495
234,1.4992,1.4992
235,1.54323,1.5436
236,1.5825,1.5825
237,1.61621,1.6151
238,1.64246,1.6413
239,1.6604,1.6604
240,1.67171,1.672
241,1.6796,1.6796
242,1.68656,1.6867
243,1.6934,1.6934
244,1.69985,1.6997
245,1.7057,1.7057
246,1.71109,1.7112
247,1.71626,1.7164
248,1.7212,1.7212
249,1.72577,1.7257
250,1.7299,1.7299
251,1.73367,1.7337
252,1.7372,1.7372
253,1.74049,1.7405
254,1.74343,1.7434
255,1.746,1.746
256,1.74829,1.7484
257,1.7504,1.7504
258,1.7523,1.7523
259,1.7539,1.7539
260,1.75523,1.7552
261,1.7564,1.7564
262,1.75754,1.7576
263,1.75865,1.7587
264,1.7597,1.7597
265,1.76067,1.7607
266,1.7616,1.7616
267,1.76248,1.7625
268,1.7633,1.7633
269,1.76405,1.7641
270,1.76478,1.7649
271,1.7655,1.7655
272,1.76619,1.7662
273,1.7668,1.7668
274,1.76732,1.7673
275,1.7678,1.7678
276,1.76829,1.7683
277,1.7688,1.7688
278,1.76926,1.7692
279,1.76962,1.7695
280,1.7699,1.7699
281,1.77018,1.7702
282,1.7705,1.7705
283,1.77083,1.7708
284,1.7711,1.7711
285,1.77132,1.7713
286,1.77154,1.7716
287,1.7718,1.7718
288,1.77207,1.7721
289,1.7723,1.7723
290,1.7725,1.7725
291,1.7727,1.7727
292,1.77291,1.7729
293,1.7731,1.7731
294,1.77324,1.7732
295,1.77336,1.7734
296,1.7735,1.7735
297,1.77366,1.7737
298,1.7738,1.7738
299,1.77391,1.7739
300,1.774,1.774
301,1.77409,1.7741
302,1.7742,1.7742
303,1.7743,1.7743
304,1.7744,1.7744
305,1.7745,1.7745
306,1.77461,1.7746
307,1.7747,1.7747
308,1.77476,1.7747
309,1.7748,1.7748
310,1.77484,1.7749
311,1.77491,1.7749
312,1.775,1.775
313,1.77507,1.7751
314,1.7751,1.7751
315,1.77513,1.7752
316,1.7752,1.7752
317,1.7753,1.7753
318,1.77538,1.7753
319,1.7754,1.7754
320,1.77539,1.7754
321,1.7754,1.7754
322,1.77544,1.7755
323,1.7755,1.7755
324,1.77555,1.7755
325,1.7756,1.7756
326,1.77565,1.7756
327,1.77569,1.7756
328,1.7757,1.7757
329,1.77569,1.7757
330,1.7757,1.7757
331,1.77574,1.7757
332,1.7758,1.7758
333,1.77583,1.7758
334,1.77581,1.7758
335,1.7758,1.7758
336,1.77583,1.7759
337,1.7759,1.7759
338,1.77593,1.7759
339,1.7759,1.7759
340,1.77587,1.7759
341,1.7759,1.7759
342,1.77598,1.7759
343,1.77603,1.776
344,1.776,1.776
345,1.77597,1.776
346,1.776,1.776
347,1.77603,1.776
348,1.776,1.776
349,1.77595,1.776
350,1.77599,1.776
351,1.7761,1.7761
352,1.77616,1.7761
353,1.7761,1.7761
354,1.77605,1.7761
355,1.7761,1.7761
356,1.77617,1.7761
357,1.7761,1.7761
358,1.77595,1.7761
359,1.77594,1.7761
360,1.7761,1.7761
361,1.7762,1.7761
362,1.7761,1.7761
363,1.77598,1.7761
364,1.7761,1.7761
365,1.77634,1.7761
366,1.77635,1.7761
367,1.7761,1.7761
368,1.77595,1.7761
369,1.7761,1.7761
370,1.77626,1.7761
371,1.7761,1.7761
372,1.77585,1.776
373,1.776,1.776
374,1.7765,1.776
375,1.77663,1.776
376,1.776,1.776
377,1.77539,1.776
378,1.776,1.776
379,1.77739,1.776
380,1.776,1.776
381,1.76596,1.7673
382,1.74223,1.7426
383,1.7033,1.7033
384,1.65102,1.6513
385,1.5879,1.5879
386,1.51527,1.515
387,1.4341,1.4341
388,1.34647,1.3469
389,1.255,1.255
390,1.161,1.16
391,1.06468,1.0636
392,0.96737,0.96737
393,0.872251,0.87298
394,0.78205,0.78205
395,0.697101,0.69622
396,0.61711,0.61711
397,0.544353,0.54636
398,0.483314,0.4856
399,0.43646,0.43646
400,0.401282,0.40058
401,0.37216,0.37216
402,0.344616,0.34439
403,0.31733,0.31733
404,0.290861,0.29105
405,0.26564,0.26564
406,0.241418,0.24116
407,0.217911,0.21769
408,0.19529,0.19529
409,0.173949,0.17406
410,0.15405,0.15405
411,0.135443,0.13534
412,0.11801,0.11801
413,0.101948,0.10213
414,0.0875885,0.087776
415,0.075015,0.075015
416,0.0640333,0.063923
417,0.054576,0.054576
418,0.0469363,0.047046
419,0.041407,0.041407
420,0.0377393,0.037732
421,0.035138,0.035138
422,0.0328209,0.032691
423,0.0304827,0.030386
424,0.028218,0.028218
425,0.0261565,0.026185
426,0.024281,0.024281
427,0.0225163,0.022502
428,0.020845,0.020845
429,0.0192961,0.019306
430,0.017879,0.017879
431,0.0165721,0.016562
432,0.0153575,0.015349
433,0.014238,0.014238
434,0.0132205,0.013223
435,0.012301,0.012301
436,0.0114687,0.011467
437,0.010718,0.010718
438,0.0100491,0.010049
439,0.009459,0.0094559
440,0.008935,0.008935
441,0.00845711,0.0084601
442,0.0080076,0.0080076
443,0.00757786,0.0075769
444,0.0071675,0.0071675
445,0.00677842,0.0067789
446,0.0064106,0.0064106
447,0.00606242,0.0060619
448,0.00573281,0.0057325
449,0.0054217,0.0054217
450,0.00512902,0.0051291
451,0.0048541,0.0048541
452,0.00459621,0.0045962
453,0.0043549,0.0043549
454,0.00412972,0.0041295
455,0.00391995,0.0039197
456,0.0037249,0.0037249
457,0.00354434,0.0035446
458,0.0033782,0.0033782
459,0.00322575,0.0032251
460,0.003085,0.003085
461,0.0029531,0.0029537
462,0.0028274,0.0028274
463,0.00270646,0.0027062
464,0.00259005,0.0025899
465,0.0024785,0.0024785
466,0.00237191,0.0023719
467,0.0022701,0.0022701
468,0.00217293,0.0021729
469,0.0020804,0.0020804
470,0.00199248,0.0019924
471,0.00190902,0.0019089
472,0.0018299,0.0018299
473,0.00175515,0.0017552
474,0.0016848,0.0016848
475,0.00161869,0.0016186
476,0.0015566,0.0015566
477,0.00149857,0.0014987
478,0.0014448,0.0014448
479,0.00139522,0.001395
480,0.00134918,0.001349
481,0.0013057,0.0013057
482,0.00126399,0.0012639
483,0.0012237,0.0012237
484,0.00118485,0.0011849
485,0.0011475,0.0011475
486,0.00111166,0.0011117
487,0.00107726,0.0010773
488,0.0010443,0.0010443
489,0.0010128,0.0010128
490,0.00098277,0.00098277
491,0.000954146,0.00095412
492,0.00092689,0.00092689
493,0.000901039,0.00090107
494,0.00087665,0.00087665
495,0.000853689,0.00085362
496,0.000832047,0.00083197
497,0.00081169,0.00081169
498,0.000792719,0.00079277
499,0.00077521,0.00077521
500,0.000759001,0.000759
501,0.00074371,0.00074371
502,0.00072898,0.00072892
503,0.000714675,0.00071463
504,0.00070084,0.00070084
505,0.00068754,0.00068756
506,0.00067477,0.00067477
507,0.000662494,0.00066248
508,0.0006507,0.0006507
509,0.000639402,0.00063941
510,0.00062861,0.00062861
511,0.00061832,0.00061832
512,0.000608523,0.00060852
513,0.00059922,0.00059922
514,0.000590416,0.00059042
515,0.00058211,0.00058211
516,0.000574297,0.0005743
517,0.00056698,0.00056698
518,0.000560169,0.00056016
519,0.00055386,0.00055383
520,0.000548,0.000548
521,0.000542483,0.00054251
522,0.0005372,0.0005372
523,0.000532088,0.00053208
524,0.00052714,0.00052714
525,0.000522375,0.00052238
526,0.0005178,0.0005178
527,0.000513406,0.0005134
528,0.000509186,0.00050919
529,0.00050514,0.00050514
530,0.000501275,0.00050128
531,0.00049759,0.00049759
532,0.000494074,0.00049407
533,0.00049072,0.00049072
534,0.000487536,0.00048755
535,0.000484531,0.00048454
536,0.0004817,0.0004817
537,0.000479031,0.00047903
538,0.00047652,0.00047652
539,0.000474179,0.00047418
540,0.000472,0.000472
541,0.000469933,0.00046993
542,0.00046792,0.00046792
543,0.00046595,0.00046597
544,0.000464058,0.00046409
545,0.00046226,0.00046226
546,0.000460521,0.0004605
547,0.00045881,0.00045881
548,0.000457157,0.00045717
549,0.00045561,0.00045561
550,0.000454155,0.00045411
551,0.000452729,0.00045268
552,0.00045132,0.00045132
553,0.000449999,0.00045003
554,0.00044881,0.00044881
555,0.000447693,0.00044765
556,0.00044658,0.00044658
557,0.000445527,0.00044557
558,0.00044464,0.00044464
559,0.000443892,0.00044378
560,0.000443122,0.000443
561,0.00044226,0.00044226
562,0.000441442,0.00044152
563,0.00044078,0.00044078
564,0.000440147,0.00044006
565,0.00043935,0.00043935
566,0.000438468,0.00043865
567,0.000437781,0.00043798
568,0.00043734,0.00043734
569,0.000436853,0.00043672
570,0.00043614,0.00043614
571,0.000435456,0.0004356
572,0.00043509,0.00043509
573,0.000434825,0.00043463
574,0.00043422,0.00043422
575,0.000433398,0.00043387
576,0.000433031,0.00043356
577,0.00043332,0.00043332
578,0.000433512,0.00043315
579,0.00043304,0.00043304
580,0.00043304,0.000433
581,0.00043618,0.00043618
582,0.0004448,0.00044531
583,0.000459434,0.00045983
584,0.00047913,0.00047913
585,0.000502771,0.00050265
586,0.00052979,0.00052979
587,0.000559897,0.00055997
588,0.0005926,0.0005926
589,0.000627165,0.00062711
590,0.0006629,0.0006629
591,0.0006993,0.00069939
592,0.000735915,0.000736
593,0.00077215,0.00077215
594,0.000807289,0.00080724
595,0.0008407,0.0008407
596,0.000871909,0.00087194
597,0.00090037,0.00090037
598,0.000925316,0.00092541
599,0.000946124,0.00094649
600,0.000963,0.000963
601,0.000977169,0.00097681
602,0.00099017,0.00099017
603,0.00100293,0.0010031
604,0.0010155,0.0010155
605,0.0010276,0.0010275
606,0.0010391,0.0010391
607,0.00105012,0.0010502
608,0.00106076,0.0010608
609,0.001071,0.001071
610,0.00108078,0.0010808
611,0.0010901,0.0010901
612,0.00109897,0.001099
613,0.0011074,0.0011074
614,0.00111537,0.0011154
615,0.00112289,0.0011229
616,0.00113,0.00113
617,0.00113668,0.0011367
618,0.0011429,0.0011429
619,0.00114865,0.0011487
620,0.001154,0.001154
621,0.00115905,0.001159
622,0.0011639,0.0011639
623,0.00116862,0.0011687
624,0.00117319,0.0011732
625,0.0011776,0.0011776
626,0.00118183,0.0011819
627,0.0011859,0.0011859
628,0.00118982,0.0011899
629,0.0011936,0.0011936
630,0.00119722,0.0011972
631,0.00120065,0.0012006
632,0.0012039,0.0012039
633,0.00120698,0.001207
634,0.0012099,0.0012099
635,0.00121268,0.0012127
636,0.0012153,0.0012153
637,0.00121774,0.0012177
638,0.00122,0.00122
639,0.00122207,0.0012221
640,0.00122399,0.001224
641,0.0012258,0.0012258
642,0.00122753,0.0012276
643,0.0012292,0.0012292
644,0.00123083,0.0012309
645,0.0012324,0.0012324
646,0.00123391,0.0012339
647,0.00123534,0.0012354
648,0.0012367,0.0012367
649,0.00123802,0.0012381
650,0.0012393,0.0012393
651,0.00124054,0.0012405
652,0.0012417,0.0012417
653,0.00124278,0.0012428
654,0.0012438,0.0012438
655,0.00124477,0.0012448
656,0.0012457,0.0012458
657,0.0012466,0.0012466
658,0.00124748,0.0012475
659,0.0012483,0.0012483
660,0.00124904,0.001249
661,0.0012497,0.0012497
662,0.00125033,0.0012504
663,0.00125099,0.0012511
664,0.0012517,0.0012517
665,0.00125239,0.0012524
666,0.001253,0.001253
667,0.00125355,0.0012536
668,0.0012541,0.0012541
669,0.00125467,0.0012547
670,0.0012552,0.0012552
671,0.00125567,0.0012557
672,0.00125613,0.0012562
673,0.0012566,0.0012566
674,0.00125708,0.0012571
675,0.0012575,0.0012575
676,0.00125786,0.0012578
677,0.0012582,0.0012582
678,0.00125852,0.0012585
679,0.0012588,0.0012588
680,0.001259,0.001259
681,0.00125918,0.0012592
682,0.0012594,0.0012594
683,0.00125966,0.0012597
684,0.0012599,0.0012599
685,0.00126007,0.00126
686,0.0012602,0.0012602
687,0.00126035,0.0012604
688,0.00126052,0.0012606
689,0.0012607,0.0012607
690,0.00126086,0.0012609
691,0.001261,0.001261
692,0.00126115,0.0012612
693,0.0012613,0.0012613
694,0.00126143,0.0012614
695,0.00126152,0.0012615
696,0.0012616,0.0012616
697,0.00126169,0.0012617
698,0.0012618,0.0012618
699,0.00126191,0.0012619
700,0.001262,0.001262
701,0.00126205,0.0012621
702,0.0012621,0.0012621
703,0.00126216,0.0012622
704,0.00126223,0.0012623
705,0.0012623,0.0012623
706,0.00126235,0.0012624
707,0.0012624,0.0012624
708,0.00126245,0.0012625
709,0.0012625,0.0012625
710,0.00126254,0.0012626
711,0.00126257,0.0012626
712,0.0012626,0.0012626
713,0.00126265,0.0012627
714,0.0012627,0.0012627
715,0.00126275,0.0012628
716,0.0012628,0.0012628
717,0.00126285,0.0012629
718,0.0012629,0.0012629
719,0.00126297,0.001263
720,0.00126304,0.001263
721,0.0012631,0.0012631
722,0.00126315,0.0012631
723,0.0012632,0.0012632
724,0.00126325,0.0012632
725,0.0012633,0.0012633
726,0.00126335,0.0012634
727,0.0012634,0.0012634
728,0.00126346,0.0012635
729,0.00126353,0.0012636
730,0.0012636,0.0012636
731,0.00126366,0.0012637
732,0.0012637,0.0012637
733,0.00126374,0.0012638
734,0.0012638,0.0012638
735,0.00126388,0.0012639
736,0.00126396,0.0012639
737,0.001264,0.001264
738,0.00126401,0.001264
739,0.001264,0.001264
740,0.001264,0.001264
741,0.001264,0.001264
742,0.001264,0.001264
743,0.001264,0.001264
744,0.001264,0.001264
745,0.001264,0.001264
746,0.001264,0.001264
747,0.001264,0.001264
748,0.001264,0.001264
749,0.001264,0.001264
750,0.001264,0.001264
751,0.001264,0.001264
752,0.001264,0.001264
753,0.001264,0.001264
754,0.001264,0.001264
755,0.001264,0.001264
756,0.001264,0.001264
757,0.001264,0.001264
758,0.00126401,0.001264
759,0.001264,0.001264
760,0.00126396,0.001264
761,0.0012639,0.001264
762,0.0012638,0.0012638
763,0.00126364,0.0012636
764,0.0012634,0.0012634
765,0.00126305,0.001263
766,0.0012626,0.0012626
767,0.00126208,0.0012621
768,0.00126152,0.0012615
769,0.0012609,0.0012609
770,0.00126023,0.0012602
771,0.0012595,0.0012595
772,0.00125869,0.0012586
773,0.0012578,0.0012578
774,0.00125683,0.0012568
775,0.0012558,0.0012558
776,0.00125472,0.0012548
777,0.00125362,0.0012536
778,0.0012525,0.0012525
779,0.00125135,0.0012513
780,0.00125,0.00125
781,0.00124816,0.0012482
782,0.0012455,0.0012455
783,0.00124186,0.0012418
784,0.00123728,0.0012372
785,0.0012319,0.0012319
786,0.00122577,0.0012257
787,0.0012189,0.0012189
788,0.00121134,0.0012114
789,0.0012032,0.0012032
790,0.00119453,0.0011945
791,0.0011853,0.0011853
792,0.00117554,0.0011756
793,0.00116537,0.0011654
794,0.0011549,0.0011549
795,0.00114412,0.0011441
796,0.001133,0.001133
797,0.00112165,0.0011217
798,0.0011103,0.0011103
799,0.00109895,0.0010987
800,0.00108722,0.001087
801,0.0010745,0.0010745
802,0.00106038,0.0010604
803,0.0010448,0.0010448
804,0.00102789,0.0010279
805,0.0010098,0.0010098
806,0.000990584,0.00099054
807,0.00097033,0.00097033
808,0.000949204,0.00094927
809,0.000927407,0.00092747
810,0.00090506,0.00090506
811,0.000882199,0.00088216
812,0.00085889,0.00085889
813,0.000835325,0.00083537
814,0.00081173,0.00081173
815,0.000788191,0.00078808
816,0.000764672,0.00076454
817,0.00074125,0.00074125
818,0.000718222,0.00071831
819,0.00069585,0.00069585
820,0.000674012,0.000674
821,0.00065221,0.00065221
822,0.000629974,0.00062992
823,0.00060719,0.00060719
824,0.00058403,0.0005841
825,0.000560668,0.00056073
826,0.00053714,0.00053714
827,0.000513434,0.00051341
828,0.00048961,0.00048961
829,0.000465794,0.00046581
830,0.00044209,0.00044209
831,0.000418545,0.00041851
832,0.000395189,0.00039516
833,0.0003721,0.0003721
834,0.00034939,0.00034941
835,0.00032715,0.00032715
836,0.000305423,0.00030541
837,0.00028425,0.00028425
838,0.000263731,0.00026375
839,0.00024397,0.00024397
840,0.00022494,0.000225
841,0.000206427,0.00020651
842,0.00018816,0.00018816
843,0.000169998,0.00016997
844,0.00015197,0.00015197
845,0.000134161,0.00013417
846,0.00011661,0.00011661
847,9.93163e-05,9.9312e-05
848,8.22946e-05,8.2293e-05
849,6.5581e-05,6.5581e-05
850,4.92031e-05,4.92e-05
851,3.3176e-05,3.3176e-05
852,1.75268e-05,1.7532e-05
853,2.2926e-06,2.2926e-06
854,-1.25078e-05,-1.2518e-05
855,-2.6874e-05,-2.6874e-05
856,-4.07825e-05,-4.0753e-05
857,-5.41689e-05,-5.4129e-05
858,-6.6979e-05,-6.6979e-05
859,-7.92292e-05,-7.9277e-05
860,-9.1e-05,-9.1e-05
861,-0.000102381,-0.00010233
862,-0.00011345,-0.00011345
863,-0.000124292,-0.00012435
864,-0.000134975,-0.00013504
865,-0.00014549,-0.00014549
866,-0.000155746,-0.00015571
867,-0.00016569,-0.00016569
868,-0.000175381,-0.00017542
869,-0.00018489,-0.00018489
870,-0.00019415,-0.0001941
871,-0.00020303,-0.00020303
872,-0.000211551,-0.00021168
873,-0.000219899,-0.00022005
874,-0.00022813,-0.00022813
875,-0.000236018,-0.0002359
876,-0.00024337,-0.00024337
877,-0.000250371,-0.00025052
878,-0.00025734,-0.00025734
879,-0.000264163,-0.00026384
880,-0.00027038,-0.00027
881,-0.00027597,-0.00027597
882,-0.000281601,-0.00028188
883,-0.00028772,-0.00028772
884,-0.000293794,-0.00029348
885,-0.00029913,-0.00029913
886,-0.000304187,-0.00030466
887,-0.00031005,-0.00031005
888,-0.000316471,-0.00031529
889,-0.000321735,-0.00032036
890,-0.00032524,-0.00032524
891,-0.000328896,-0.00032991
892,-0.00033436,-0.00033436
893,-0.000339898,-0.00033858
894,-0.00034254,-0.00034254
895,-0.000343188,-0.00034622
896,-0.000346222,-0.00034962
897,-0.00035272,-0.00035272
898,-0.000357799,-0.00035549
899,-0.00035792,-0.00035792
900,-0.000357389,-0.00036
901,-0.00036188,-0.00036188
902,-0.000367614,-0.00036374
903,-0.00036556,-0.00036556
904,-0.000357586,-0.00036735
905,-0.000357703,-0.00036908
906,-0.00037075,-0.00037075
907,-0.000380774,-0.00037237
908,-0.0003739,-0.0003739
909,-0.000364381,-0.00037536
910,-0.00037674,-0.00037674
911,-0.000403302,-0.00037801
912,-0.000407495,-0.00037919
913,-0.00038026,-0.00038026
914,-0.000362095,-0.0003812
915,-0.00038203,-0.00038203
916,-0.000404188,-0.00038272
917,-0.00038327,-0.00038327
918,-0.000353521,-0.00038367
919,-0.00038392,-0.00038392
920,-0.000424733,-0.000384
921,-0.000282302,-0.00023976
922,0.00019108,0.00019108
923,0.000951638,0.00090572
924,0.0019013,0.0019013
925,0.00310673,0.0031751
926,0.0047243,0.0047243
927,0.00671321,0.006546
928,0.00882891,0.0086374
929,0.010996,0.010996
930,0.0134828,0.013618
931,0.016502,0.016502
932,0.0198094,0.019644
933,0.023042,0.023042
934,0.0264128,0.026693
935,0.030594,0.030594
936,0.0356415,0.034742
937,0.040416,0.039134
938,0.043768,0.043768
939,0.0467531,0.048641
940,0.05375,0.05375
941,0.0711643,0.069407
942,0.10447,0.10447
943,0.155739,0.15675
944,0.223423,0.22407
945,0.30423,0.30423
946,0.395215,0.39506
947,0.49437,0.49437
948,0.599914,0.59998
949,0.70969,0.70969
950,0.821347,0.82133
951,0.9327,0.9327
952,1.04166,1.0416
953,1.14599,1.1459
954,1.2434,1.2434
955,1.3318,1.3319
956,1.4092,1.4092
957,1.47329,1.4731
958,1.5215,1.5215
959,1.55153,1.5521
960,1.56205,1.5628
961,1.5529,1.5529
962,1.52499,1.5247
963,1.4802,1.4802
964,1.42101,1.4212
965,1.3498,1.3498
966,1.26826,1.268
967,1.1778,1.1778
968,1.08051,1.081
969,0.979159,0.97977
970,0.87601,0.87601
971,0.77217,0.77171
972,0.66884,0.66884
973,0.568775,0.5694
974,0.47536,0.47536
975,0.390199,0.38869
976,0.313125,0.31138
977,0.24541,0.24541
978,0.191483,0.19276
979,0.1554,0.1554
980,0.135603,0.13531
981,0.12479,0.12479
982,0.115569,0.1148
983,0.10533,0.10533
984,0.0954241,0.096371
985,0.087163,0.087924
986,0.07998,0.07998
987,0.0728043,0.072536
988,0.065585,0.065585
989,0.0589528,0.059122
990,0.053142,0.053142
991,0.0478295,0.047638
992,0.0427563,0.042605
993,0.038038,0.038038
994,0.0338796,0.033932
995,0.03028,0.03028
996,0.0271083,0.027077
997,0.024318,0.024318
998,0.0219732,0.021997
999,0.020109,0.020109
1000,0.0186407,0.018648
1001,0.0174094,0.017432
1002,0.016282,0.016282
1003,0.0152021,0.015195
1004,0.014171,0.014171
1005,0.013203,0.013206
1006,0.012299,0.012299
1007,0.0114507,0.011449
1008,0.010653,0.010653
1009,0.00990723,0.009909
1010,0.00921446,0.009216
1011,0.0085717,0.0085717
1012,0.00797481,0.0079743
1013,0.0074219,0.0074219
1014,0.00691238,0.0069126
1015,0.0064445,0.0064445
1016,0.00601557,0.0060157
1017,0.00562392,0.0056245
1018,0.0052689,0.0052689
1019,0.00494841,0.004947
1020,0.004657,0.004657
1021,0.00438689,0.0043882
1022,0.0041311,0.0041311
1023,0.00388592,0.0038854
1024,0.0036509,0.0036509
1025,0.00342694,0.0034275
1026,0.00321435,0.0032147
1027,0.0030125,0.0030125
1028,0.00282071,0.0028207
1029,0.0026388,0.0026388
1030,0.00246679,0.0024669
1031,0.0023045,0.0023045
1032,0.00215157,0.0021516
1033,0.00200778,0.0020078
1034,0.001873,0.001873
1035,0.00174693,0.0017468
1036,0.0016292,0.0016292
1037,0.0015197,0.0015198
1038,0.0014185,0.0014185
1039,0.00132531,0.001325
1040,0.001239,0.001239
1041,0.00115785,0.0011583
1042,0.00108034,0.0010805
1043,0.0010057,0.0010057
1044,0.000933801,0.00093376
1045,0.00086475,0.00086475
1046,0.000798589,0.00079859
1047,0.00073526,0.00073526
1048,0.000674712,0.00067473
1049,0.000616945,0.00061697
1050,0.00056195,0.00056195
1051,0.00050966,0.00050964
1052,0.00046001,0.00046001
1053,0.000413006,0.00041304
1054,0.00036868,0.00036868
1055,0.000326967,0.00032692
1056,0.00028773,0.00028773
1057,0.000250943,0.00025107
1058,0.000216755,0.00021691
1059,0.00018523,0.00018523
1060,0.000156026,0.000156
1061,0.00012845,0.00012845
1062,0.000101886,0.00010182
1063,7.6128e-05,7.6128e-05
1064,5.12816e-05,5.1357e-05
1065,2.74466e-05,2.7507e-05
1066,4.5748e-06,4.5748e-06
1067,-1.7422e-05,-1.7444e-05
1068,-3.8551e-05,-3.8551e-05
1069,-5.87641e-05,-5.8751e-05
1070,-7.8046e-05,-7.8046e-05
1071,-9.64293e-05,-9.6441e-05
1072,-0.00011394,-0.00011394
1073,-0.000130564,-0.00013054
1074,-0.000146276,-0.00014625
1075,-0.00016108,-0.00016108
1076,-0.000175009,-0.00017502
1077,-0.00018808,-0.00018808
1078,-0.000200269,-0.00020026
1079,-0.00021156,-0.00021156
1080,-0.000222037,-0.000222
1081,-0.000231897,-0.00023184
1082,-0.00024136,-0.00024136
1083,-0.000250542,-0.00025056
1084,-0.00025944,-0.00025944
1085,-0.000268009,-0.000268
1086,-0.00027624,-0.00027624
1087,-0.000284154,-0.00028416
1088,-0.00029176,-0.00029176
1089,-0.000299045,-0.00029904
1090,-0.000306002,-0.000306
1091,-0.00031264,-0.00031264
1092,-0.000318961,-0.00031896
1093,-0.00032496,-0.00032496
1094,-0.000330636,-0.00033064
1095,-0.000336,-0.000336
1096,-0.000341054,-0.00034104
1097,-0.000345779,-0.00034576
1098,-0.00035016,-0.00035016
1099,-0.000354217,-0.00035424
1100,-0.000358,-0.000358
1101,-0.000361565,-0.00036154
1102,-0.00036496,-0.00036496
1103,-0.000368239,-0.00036826
1104,-0.00037144,-0.00037144
1105,-0.000374548,-0.0003745
1106,-0.000377501,-0.00037745
1107,-0.00038028,-0.00038028
1108,-0.000382954,-0.00038299
1109,-0.00038559,-0.00038559
1110,-0.00038813,-0.00038808
1111,-0.00039046,-0.00039046
1112,-0.000392607,-0.00039273
1113,-0.000394744,-0.00039488
1114,-0.00039693,-0.00039693
1115,-0.000398968,-0.00039887
1116,-0.0004007,-0.0004007
1117,-0.000402309,-0.00040243
1118,-0.00040406,-0.00040406
1119,-0.000405776,-0.00040558
1120,-0.000407,-0.000407
1121,-0.000407831,-0.00040836
1122,-0.000409067,-0.00040971
1123,-0.00041105,-0.00041105
1124,-0.000412873,-0.00041235
1125,-0.00041363,-0.00041363
1126,-0.000414147,-0.00041488
1127,-0.00041608,-0.00041608
1128,-0.000419049,-0.00041725
1129,-0.000420468,-0.00041836
1130,-0.00041942,-0.00041942
1131,-0.000418845,-0.00042043
1132,-0.00042136,-0.00042136
1133,-0.000424282,-0.00042224
1134,-0.00042303,-0.00042303
1135,-0.000419981,-0.00042375
1136,-0.00042439,-0.00042439
1137,-0.00043872,-0.00042494
1138,-0.000447474,-0.00042539
1139,-0.00042575,-0.00042575
1140,-0.000361255,-0.000426
